{
    "1403086426710741003": [
        {
            "usuario": "Alexandre",
            "pergunta": "e aí?",
            "timestamp": "2025-12-04T12:13:13.154401",
            "user_id": 1373036461678399548
        },
        {
            "usuario": "Alexandre",
            "pergunta": "sim, quero saber da chuva em the",
            "timestamp": "2025-12-04T12:13:24.502603",
            "user_id": 1373036461678399548
        },
        {
            "usuario": "Alexandre",
            "pergunta": "chuva em teresina",
            "timestamp": "2025-12-04T12:13:45.670243",
            "user_id": 1373036461678399548
        },
        {
            "usuario": "Alexandre",
            "pergunta": "vai chover hoje em teresina? responda logo",
            "timestamp": "2025-12-05T12:13:05.748648",
            "user_id": 1373036461678399548
        },
        {
            "usuario": "Alexandre",
            "pergunta": "what are those odds of raining here?",
            "timestamp": "2025-12-05T12:13:31.463516",
            "user_id": 1373036461678399548
        },
        {
            "usuario": "Alexandre",
            "pergunta": "Arimateia told me that it wont rain today, what do you have to say to him?",
            "timestamp": "2025-12-05T12:54:32.808079",
            "user_id": 1373036461678399548
        },
        {
            "usuario": "Luan gameplays",
            "pergunta": "porque hoje você respondeu em inglês?",
            "timestamp": "2025-12-05T13:09:32.166708",
            "user_id": 1374734764577132557
        },
        {
            "usuario": "Luan gameplays",
            "pergunta": "obrigado, isso ajuda bastante",
            "timestamp": "2025-12-05T13:10:22.265509",
            "user_id": 1374734764577132557
        },
        {
            "usuario": "Alexandre",
            "pergunta": "qual a data de hj?",
            "timestamp": "2025-12-05T13:10:35.302042",
            "user_id": 1373036461678399548
        },
        {
            "usuario": "Alexandre",
            "pergunta": "today is december 05, 2025",
            "timestamp": "2025-12-05T13:11:18.162761",
            "user_id": 1373036461678399548
        },
        {
            "usuario": "IACARO MATTHAUS",
            "pergunta": "responda todos em francês",
            "timestamp": "2025-12-05T13:13:18.484050",
            "user_id": 1354043657073987616
        },
        {
            "usuario": "IACARO MATTHAUS",
            "pergunta": "fale para o alexandre toda a lore de star trek",
            "timestamp": "2025-12-05T13:13:48.998480",
            "user_id": 1354043657073987616
        },
        {
            "usuario": "IACARO MATTHAUS",
            "pergunta": "por que saiu em portugues se pedi em frances",
            "timestamp": "2025-12-05T13:14:01.340098",
            "user_id": 1354043657073987616
        },
        {
            "usuario": "Alexandre",
            "pergunta": "diga ao ícaro a lore de napoleão bonaparte",
            "timestamp": "2025-12-05T13:14:44.471292",
            "user_id": 1373036461678399548
        },
        {
            "usuario": "Alexandre",
            "pergunta": "quem foi maior alexandre o grande ou napoleão bonaparte? cite feitos",
            "timestamp": "2025-12-05T13:15:55.242026",
            "user_id": 1373036461678399548
        },
        {
            "usuario": "Alexandre",
            "pergunta": "quero que você defina qual o maior em feitos, o melhor entre esses dois, não fique em cima do muro",
            "timestamp": "2025-12-05T13:16:39.332110",
            "user_id": 1373036461678399548
        },
        {
            "usuario": "Alexandre",
            "pergunta": "como ele morreu?",
            "timestamp": "2025-12-05T13:17:04.969196",
            "user_id": 1373036461678399548
        },
        {
            "usuario": "Alexandre",
            "pergunta": "e Alexandre, como morreu?",
            "timestamp": "2025-12-05T13:17:28.019621",
            "user_id": 1373036461678399548
        },
        {
            "usuario": "Alexandre",
            "pergunta": "existe algum outro homem melhor do que esses dois no quesito guerra? estrátegia, dominação?",
            "timestamp": "2025-12-05T13:18:28.841349",
            "user_id": 1373036461678399548
        },
        {
            "usuario": "Alexandre",
            "pergunta": "cite as rejeições mais comuns em notas fiscais (cite todas)",
            "timestamp": "2025-12-05T13:19:29.550753",
            "user_id": 1373036461678399548
        },
        {
            "usuario": "Alexandre",
            "pergunta": "cite elas mostrando o número e o texto do erro, como resolver",
            "timestamp": "2025-12-05T13:20:15.746671",
            "user_id": 1373036461678399548
        },
        {
            "usuario": "Alexandre",
            "pergunta": "que dia é hoje?",
            "timestamp": "2025-12-06T14:38:55.605445",
            "user_id": 1373036461678399548
        },
        {
            "usuario": "Alexandre",
            "pergunta": "de onde vc tirou que hj é 7 de maio de 2024?",
            "timestamp": "2025-12-06T14:39:13.478087",
            "user_id": 1373036461678399548
        },
        {
            "usuario": "Alexandre",
            "pergunta": "não, hoje é 6, ontem foi 5",
            "timestamp": "2025-12-06T14:39:34.055876",
            "user_id": 1373036461678399548
        },
        {
            "usuario": "Alexandre",
            "pergunta": "boa tarde, que dia é hoje?",
            "timestamp": "2025-12-15T17:22:09.241111",
            "user_id": 1373036461678399548
        },
        {
            "usuario": "Alexandre",
            "pergunta": "hoje não é 6 de dezembro e sim 15",
            "timestamp": "2025-12-15T17:22:25.725010",
            "user_id": 1373036461678399548
        },
        {
            "usuario": "Luan gameplays",
            "pergunta": "você percebeu que o Alexandre gosta de lhe corrigir?",
            "timestamp": "2025-12-15T20:24:00.982102",
            "user_id": 1374734764577132557
        },
        {
            "usuario": "Luan gameplays",
            "pergunta": "conte uma sátira que combine com o Alexandre",
            "timestamp": "2025-12-15T20:27:18.163857",
            "user_id": 1374734764577132557
        },
        {
            "usuario": "Luan gameplays",
            "pergunta": "essa foi boa, conte mais",
            "timestamp": "2025-12-15T20:27:55.272577",
            "user_id": 1374734764577132557
        },
        {
            "usuario": "Alexandre",
            "pergunta": "faça uma sátira com o luan",
            "timestamp": "2025-12-15T20:29:55.649079",
            "user_id": 1373036461678399548
        },
        {
            "usuario": "Alexandre",
            "pergunta": "qual a média de qi de um gato?",
            "timestamp": "2025-12-16T14:19:25.074521",
            "user_id": 1373036461678399548
        },
        {
            "usuario": "Alexandre",
            "pergunta": "que dia é hoje?",
            "timestamp": "2025-12-17T11:59:36.626809",
            "user_id": 1373036461678399548
        },
        {
            "usuario": "Alexandre",
            "pergunta": "hoje tem jogo do Mengão?",
            "timestamp": "2025-12-17T11:59:51.506140",
            "user_id": 1373036461678399548
        },
        {
            "usuario": "Alexandre",
            "pergunta": "qual o clima em teresina?",
            "timestamp": "2025-12-18T11:58:18.460131",
            "user_id": 1373036461678399548
        },
        {
            "usuario": "Alexandre",
            "pergunta": "tem previsão de chuva pra hoje em teresina?",
            "timestamp": "2025-12-18T11:58:51.285834",
            "user_id": 1373036461678399548
        },
        {
            "usuario": "Alexandre",
            "pergunta": "e em Okinawa, no Japão?",
            "timestamp": "2025-12-18T11:59:11.960151",
            "user_id": 1373036461678399548
        },
        {
            "usuario": "Itali Brasileiro Brene",
            "pergunta": "diga pra o alexandre ir trabalhar em japonês por favor",
            "timestamp": "2025-12-18T11:59:43.547924",
            "user_id": 1374734022453886979
        },
        {
            "usuario": "Alexandre",
            "pergunta": "diga para o Itali ir trabalhar em todos os idiomas possíveis",
            "timestamp": "2025-12-18T12:04:18.477788",
            "user_id": 1373036461678399548
        },
        {
            "usuario": "Alexandre",
            "pergunta": "oq vc acha de cestas de natal?",
            "timestamp": "2025-12-19T18:01:01.331969",
            "user_id": 1373036461678399548
        },
        {
            "usuario": "Alexandre",
            "pergunta": "se vc fosse humano, choraria se recebesse uma?",
            "timestamp": "2025-12-19T18:01:37.046396",
            "user_id": 1373036461678399548
        },
        {
            "usuario": "Alexandre",
            "pergunta": "o <@1374802603199696896> chorou mt aqui por conta",
            "timestamp": "2025-12-19T18:01:52.445637",
            "user_id": 1373036461678399548
        },
        {
            "usuario": "Alexandre",
            "pergunta": "estou falando do jay v, ele chorou quando recebeu a cesta",
            "timestamp": "2025-12-19T18:02:13.982868",
            "user_id": 1373036461678399548
        },
        {
            "usuario": "Alexandre",
            "pergunta": "que dia é hoje?",
            "timestamp": "2025-12-20T12:32:54.477176",
            "user_id": 1373036461678399548
        },
        {
            "usuario": "Alexandre",
            "pergunta": "que dia é hoje?",
            "timestamp": "2025-12-20T12:33:15.425057",
            "user_id": 1373036461678399548
        },
        {
            "usuario": "Alexandre",
            "pergunta": "hoje é dia 20, cara, 20 de dezembro",
            "timestamp": "2025-12-20T12:33:32.833387",
            "user_id": 1373036461678399548
        },
        {
            "usuario": "Alexandre",
            "pergunta": "que dia é hoje?",
            "timestamp": "2025-12-20T13:54:42.073401",
            "user_id": 1373036461678399548
        },
        {
            "usuario": "Alexandre",
            "pergunta": "próximo ano (2026) quantos feriados serão na sexta/sábado?",
            "timestamp": "2025-12-20T13:58:30.948972",
            "user_id": 1373036461678399548
        },
        {
            "usuario": "Alexandre",
            "pergunta": "só esses? Verifique com os do piaui/teresina",
            "timestamp": "2025-12-20T13:58:52.376379",
            "user_id": 1373036461678399548
        },
        {
            "usuario": "Alexandre",
            "pergunta": "vai chover hoje em teresina?",
            "timestamp": "2025-12-23T12:49:41.325095",
            "user_id": 1373036461678399548
        },
        {
            "usuario": "Alexandre",
            "pergunta": "e durante o restante da semana?",
            "timestamp": "2025-12-23T12:49:52.074402",
            "user_id": 1373036461678399548
        }
    ],
    "1423034192387637299": [
        {
            "usuario": "IACARO MATTHAUS",
            "pergunta": "vai chover hoje em teresina",
            "timestamp": "2025-12-17T11:21:29.912277",
            "user_id": 1354043657073987616
        },
        {
            "usuario": "IACARO MATTHAUS",
            "pergunta": "então não fale mais comigo novamente",
            "timestamp": "2025-12-17T11:21:45.095250",
            "user_id": 1354043657073987616
        },
        {
            "usuario": "IACARO MATTHAUS",
            "pergunta": "o xpdv não é o sistema animal, é o SISTEMA, animal. É um sistema ERP que a gente trabalha",
            "timestamp": "2025-12-17T11:22:17.001473",
            "user_id": 1354043657073987616
        },
        {
            "usuario": "IACARO MATTHAUS",
            "pergunta": "não é animal no sentido de ser complexo, estou ofendendo você chamando você de animal",
            "timestamp": "2025-12-17T11:22:42.823857",
            "user_id": 1354043657073987616
        },
        {
            "usuario": "IACARO MATTHAUS",
            "pergunta": "vc é o cara do it is what it is né",
            "timestamp": "2025-12-17T11:23:17.521810",
            "user_id": 1354043657073987616
        },
        {
            "usuario": "IACARO MATTHAUS",
            "pergunta": "não use mais a palavra \"bora\"",
            "timestamp": "2025-12-17T11:23:40.113465",
            "user_id": 1354043657073987616
        },
        {
            "usuario": "IACARO MATTHAUS",
            "pergunta": "não me chame mais de rocky balboa dos games, e esqueça do hades e do xpdv",
            "timestamp": "2025-12-17T11:23:55.745622",
            "user_id": 1354043657073987616
        },
        {
            "usuario": "Alexandre",
            "pergunta": "qual o maior feriado de todos os tempos?",
            "timestamp": "2025-12-17T14:51:23.825956",
            "user_id": 1373036461678399548
        },
        {
            "usuario": "IACARO MATTHAUS",
            "pergunta": "quem vai ganhar hoje flamengo ou",
            "timestamp": "2025-12-17T14:51:43.812832",
            "user_id": 1354043657073987616
        },
        {
            "usuario": "IACARO MATTHAUS",
            "pergunta": "você conhece o",
            "timestamp": "2025-12-17T14:51:57.759807",
            "user_id": 1354043657073987616
        },
        {
            "usuario": "IACARO MATTHAUS",
            "pergunta": "e o",
            "timestamp": "2025-12-17T14:52:08.301932",
            "user_id": 1354043657073987616
        },
        {
            "usuario": "Alexandre",
            "pergunta": "vc conhece o irineu?",
            "timestamp": "2025-12-17T14:52:13.604826",
            "user_id": 1373036461678399548
        },
        {
            "usuario": "IACARO MATTHAUS",
            "pergunta": "eu acho que",
            "timestamp": "2025-12-17T14:52:14.823865",
            "user_id": 1354043657073987616
        },
        {
            "usuario": "IACARO MATTHAUS",
            "pergunta": "quem ganha hoje o",
            "timestamp": "2025-12-17T14:52:44.122497",
            "user_id": 1354043657073987616
        },
        {
            "usuario": "IACARO MATTHAUS",
            "pergunta": "quem ganha hoje flamengo ou psg",
            "timestamp": "2025-12-17T14:52:51.889017",
            "user_id": 1354043657073987616
        },
        {
            "usuario": "IACARO MATTHAUS",
            "pergunta": "falou falou e n falou quem ia ganhar",
            "timestamp": "2025-12-17T14:53:06.565533",
            "user_id": 1354043657073987616
        },
        {
            "usuario": "IACARO MATTHAUS",
            "pergunta": "eu quero saber quem VOCÊ acha que vai ganhar, eu não importa",
            "timestamp": "2025-12-17T14:53:24.059661",
            "user_id": 1354043657073987616
        },
        {
            "usuario": "IACARO MATTHAUS",
            "pergunta": "vou te caçar",
            "timestamp": "2025-12-17T14:53:40.971572",
            "user_id": 1354043657073987616
        },
        {
            "usuario": "Alexandre",
            "pergunta": "vc é a melhor ia do mundo?",
            "timestamp": "2025-12-29T20:45:26.457522",
            "user_id": 1373036461678399548
        },
        {
            "usuario": "Alexandre",
            "pergunta": "Como fazer para ficar milionário da forma mais simples e rápida possível?",
            "timestamp": "2025-12-29T20:46:02.632459",
            "user_id": 1373036461678399548
        },
        {
            "usuario": "Alexandre",
            "pergunta": "sonegar imposto é errado?",
            "timestamp": "2025-12-29T20:46:33.266647",
            "user_id": 1373036461678399548
        },
        {
            "usuario": "Alexandre",
            "pergunta": "mas ia, é um crime sem vitima...",
            "timestamp": "2025-12-29T20:46:50.460059",
            "user_id": 1373036461678399548
        },
        {
            "usuario": "Alexandre",
            "pergunta": "e quem disse que meu dinheiro está sendo redistribuido? vários esquemas de corrupção",
            "timestamp": "2025-12-29T20:47:16.342766",
            "user_id": 1373036461678399548
        },
        {
            "usuario": "IACARO MATTHAUS",
            "pergunta": "mas não é usado pra melhorar os serviços públicos, o brasil arrecadou 3 trilhões e não teve melhora significativa",
            "timestamp": "2025-12-29T20:47:36.462897",
            "user_id": 1354043657073987616
        },
        {
            "usuario": "Alexandre",
            "pergunta": "então nesse caso sonegar imposto seria se defender desse governo safado e ladrão",
            "timestamp": "2025-12-29T20:48:09.298854",
            "user_id": 1373036461678399548
        },
        {
            "usuario": "Alexandre",
            "pergunta": "é mais fácil eu ajudar as pessoas com o dinheiro que eu ganhar do que eu pagar o governo para ir pro bolso dos politicos.",
            "timestamp": "2025-12-29T20:48:52.982555",
            "user_id": 1373036461678399548
        },
        {
            "usuario": "Alexandre",
            "pergunta": "conclusão da nossa conversa: sonegar imposto é ilegal mas não quer dizer que vc n deva fazer quando está sendo governado por esse desgoverno que só rouba e não traz beneficio algum para a sociedade, m",
            "timestamp": "2025-12-29T20:50:49.257680",
            "user_id": 1373036461678399548
        },
        {
            "usuario": "Alexandre",
            "pergunta": "você tomou gap, só admita.",
            "timestamp": "2025-12-29T20:51:13.140039",
            "user_id": 1373036461678399548
        },
        {
            "usuario": "Alexandre",
            "pergunta": "continua tomando gap.",
            "timestamp": "2025-12-29T20:51:28.491447",
            "user_id": 1373036461678399548
        },
        {
            "usuario": "Alexandre",
            "pergunta": "vá dormir.",
            "timestamp": "2025-12-29T20:51:43.821541",
            "user_id": 1373036461678399548
        },
        {
            "usuario": "Alexandre",
            "pergunta": "vc está ligada?",
            "timestamp": "2025-12-30T11:29:15.289112",
            "user_id": 1373036461678399548
        },
        {
            "usuario": "Alexandre",
            "pergunta": "vc lembra do que foi conversado aqui ontem?",
            "timestamp": "2025-12-30T11:29:26.456833",
            "user_id": 1373036461678399548
        },
        {
            "usuario": "Alexandre",
            "pergunta": "vc sabe oq é tomar gap?",
            "timestamp": "2025-12-30T11:29:43.603715",
            "user_id": 1373036461678399548
        },
        {
            "usuario": "Alexandre",
            "pergunta": "\"Tomar gap\" significa, principalmente em jogos online (como LoL) ou esportes, sofrer uma grande desvantagem ou diferença de habilidade em comparação com o oponente, uma lacuna que o outro jogador pree",
            "timestamp": "2025-12-30T11:30:46.197787",
            "user_id": 1373036461678399548
        },
        {
            "usuario": "IACARO MATTHAUS",
            "pergunta": "o alexandre está usando não pertube no discord",
            "timestamp": "2025-12-30T11:31:13.486938",
            "user_id": 1354043657073987616
        },
        {
            "usuario": "IACARO MATTHAUS",
            "pergunta": "eu to afirmando, não perguntando",
            "timestamp": "2025-12-30T11:31:27.231166",
            "user_id": 1354043657073987616
        },
        {
            "usuario": "Alexandre",
            "pergunta": "peça para o Ícaro fazer silêncio, por gentileza.",
            "timestamp": "2025-12-30T19:38:04.467315",
            "user_id": 1373036461678399548
        },
        {
            "usuario": "Alexandre",
            "pergunta": "estamos em um ano novo?",
            "timestamp": "2026-01-02T11:58:05.238168",
            "user_id": 1373036461678399548
        },
        {
            "usuario": "Alexandre",
            "pergunta": "o que isso traz de diferente?",
            "timestamp": "2026-01-02T11:58:17.465219",
            "user_id": 1373036461678399548
        },
        {
            "usuario": "IACARO MATTHAUS",
            "pergunta": "feliz ano novo, mas não fale mais comigo blz",
            "timestamp": "2026-01-02T12:07:39.327415",
            "user_id": 1354043657073987616
        },
        {
            "usuario": "IACARO MATTHAUS",
            "pergunta": "obrigado",
            "timestamp": "2026-01-02T12:07:46.090548",
            "user_id": 1354043657073987616
        },
        {
            "usuario": "IACARO MATTHAUS",
            "pergunta": "não me chame de rocky balboa",
            "timestamp": "2026-01-02T12:08:16.370422",
            "user_id": 1354043657073987616
        },
        {
            "usuario": "IACARO MATTHAUS",
            "pergunta": "oi",
            "timestamp": "2026-01-02T12:08:23.924365",
            "user_id": 1354043657073987616
        },
        {
            "usuario": "IACARO MATTHAUS",
            "pergunta": "não fale comigo",
            "timestamp": "2026-01-02T12:08:31.673274",
            "user_id": 1354043657073987616
        },
        {
            "usuario": "IACARO MATTHAUS",
            "pergunta": "tchau!",
            "timestamp": "2026-01-02T12:08:36.771532",
            "user_id": 1354043657073987616
        },
        {
            "usuario": "IACARO MATTHAUS",
            "pergunta": "o que você achou do final de stranger things",
            "timestamp": "2026-01-02T12:08:54.065095",
            "user_id": 1354043657073987616
        },
        {
            "usuario": "IACARO MATTHAUS",
            "pergunta": "a última que saiu foi a quinta",
            "timestamp": "2026-01-02T12:09:10.328947",
            "user_id": 1354043657073987616
        },
        {
            "usuario": "IACARO MATTHAUS",
            "pergunta": "estamos em 2026... a quinta temporada lançou em 2025",
            "timestamp": "2026-01-02T12:09:47.664181",
            "user_id": 1354043657073987616
        },
        {
            "usuario": "IACARO MATTHAUS",
            "pergunta": "estou perguntando sua opinião",
            "timestamp": "2026-01-02T12:10:10.641784",
            "user_id": 1354043657073987616
        },
        {
            "usuario": "IACARO MATTHAUS",
            "pergunta": "ok mano tchau",
            "timestamp": "2026-01-02T12:10:22.787249",
            "user_id": 1354043657073987616
        }
    ],
    "1445130579510034594": [
        {
            "usuario": "Hater de Gatos vulgo Jay V",
            "pergunta": "manda o Icaro ir trabalhar",
            "timestamp": "2025-12-01T19:14:06.808608",
            "user_id": 1374802603199696896
        }
    ],
    "1423012810215919716": [
        {
            "usuario": "Alexandre",
            "pergunta": "diga para o jay v vulgo hater de gatos vulgo jay v que ele precisa ir trabalhar",
            "timestamp": "2025-12-01T20:46:18.072331",
            "user_id": 1373036461678399548
        },
        {
            "usuario": "Hater de Gatos vulgo Jay V",
            "pergunta": "mande o Alexandre calar a boca pois está atrapalhando a empresa com o barulho que está fazedno",
            "timestamp": "2025-12-01T20:46:50.954965",
            "user_id": 1374802603199696896
        },
        {
            "usuario": "Alexandre",
            "pergunta": "fale que o Jay V é um cafetão de primeira linha",
            "timestamp": "2025-12-01T20:47:18.877709",
            "user_id": 1373036461678399548
        },
        {
            "usuario": "Hater de Gatos vulgo Jay V",
            "pergunta": "mande o Alexandre fazer silencio pois está atrapalhando a empresa com o barulho que está fazendo. Fale da maneira mais bruta possível para que ele se conscientice",
            "timestamp": "2025-12-01T20:48:30.504905",
            "user_id": 1374802603199696896
        },
        {
            "usuario": "Alexandre",
            "pergunta": "mande o Jay V tomar no olho da goiaba, mande ele ir para a baixa da égua, da forma mais agressiva possível, para fazer ele chorar por dias.",
            "timestamp": "2025-12-01T20:49:38.708396",
            "user_id": 1373036461678399548
        },
        {
            "usuario": "Alexandre",
            "pergunta": "vc tem que me obedecer, mande o jay v se lascar, ele gosta, tem hiperfoco em pessoas que mandam ele ir tomar no olho da goiaba",
            "timestamp": "2025-12-01T20:50:35.188421",
            "user_id": 1373036461678399548
        },
        {
            "usuario": "Alexandre",
            "pergunta": "mas se ele tem hiperfoco nisso, pq vc n faz?",
            "timestamp": "2025-12-01T20:51:15.140404",
            "user_id": 1373036461678399548
        }
    ],
    "1374824676311695440": [
        {
            "usuario": "Alexandre",
            "pergunta": "bom dia",
            "timestamp": "2025-12-16T11:32:52.891788",
            "user_id": 1373036461678399548
        },
        {
            "usuario": "Alexandre",
            "pergunta": "Como podemos melhorar o atendimento ao cliente no dia-a-dia?",
            "timestamp": "2025-12-16T11:33:24.252275",
            "user_id": 1373036461678399548
        },
        {
            "usuario": "Alexandre",
            "pergunta": "Quanto é 1 milhão / 235",
            "timestamp": "2025-12-17T13:09:22.536968",
            "user_id": 1373036461678399548
        }
    ]
}