{
    "1403086426710741003": [
        {
            "usuario": "Itali Brasileiro Brene",
            "pergunta": "você é anafabeltica igual a ia da meta?",
            "timestamp": "2025-12-01T14:51:23.194297",
            "user_id": 1374734022453886979
        },
        {
            "usuario": "Hater de Gatos vulgo Jay V",
            "pergunta": "conte uma piada para <@1374734022453886979>",
            "timestamp": "2025-12-01T14:52:09.977443",
            "user_id": 1374802603199696896
        },
        {
            "usuario": "Alexandre",
            "pergunta": "melhore suas piadas.",
            "timestamp": "2025-12-01T14:52:43.597380",
            "user_id": 1373036461678399548
        },
        {
            "usuario": "Michael Sabóia",
            "pergunta": "você pode aprender piadas com os textos do Leo Lins",
            "timestamp": "2025-12-01T14:53:44.797423",
            "user_id": 1374733527001862215
        },
        {
            "usuario": "Hater de Gatos vulgo Jay V",
            "pergunta": "faça uma piada para fazer o Alexandre chorar... de rir",
            "timestamp": "2025-12-01T14:54:32.641995",
            "user_id": 1374802603199696896
        },
        {
            "usuario": "Alexandre",
            "pergunta": "você está funcionando?",
            "timestamp": "2025-12-02T11:42:23.192632",
            "user_id": 1373036461678399548
        },
        {
            "usuario": "Alexandre",
            "pergunta": "vc conhece a chuva?",
            "timestamp": "2025-12-02T11:42:32.563370",
            "user_id": 1373036461678399548
        },
        {
            "usuario": "Alexandre",
            "pergunta": "sim, está chovendo em teresina",
            "timestamp": "2025-12-02T11:42:47.232211",
            "user_id": 1373036461678399548
        },
        {
            "usuario": "Itali Brasileiro Brene",
            "pergunta": "o que a gente pode fazer para enrolar estudantes do ensino médio que vem ver nossa empresa?",
            "timestamp": "2025-12-02T17:24:25.914809",
            "user_id": 1374734022453886979
        },
        {
            "usuario": "Alexandre",
            "pergunta": "o antimateria ja pode voltar a trabalhar?",
            "timestamp": "2025-12-02T18:16:12.568187",
            "user_id": 1373036461678399548
        },
        {
            "usuario": "Itali Brasileiro Brene",
            "pergunta": "diga para o Alexandre que ele não fez absolutamente nada nessa visita do infernal a empresa",
            "timestamp": "2025-12-02T18:17:00.436970",
            "user_id": 1374734022453886979
        },
        {
            "usuario": "Alexandre",
            "pergunta": "o que é melhor pizza ou carne (churrasco)?",
            "timestamp": "2025-12-03T12:03:08.086439",
            "user_id": 1373036461678399548
        },
        {
            "usuario": "Alexandre",
            "pergunta": "faça uma procura extensa na internet e descubra qual é a melhor comida da história",
            "timestamp": "2025-12-03T12:03:52.207960",
            "user_id": 1373036461678399548
        },
        {
            "usuario": "Alexandre",
            "pergunta": "eu quero que vc cite o top 3",
            "timestamp": "2025-12-03T12:04:15.540922",
            "user_id": 1373036461678399548
        },
        {
            "usuario": "Alexandre",
            "pergunta": "top 3 de melhores comidas da história",
            "timestamp": "2025-12-03T12:04:29.454951",
            "user_id": 1373036461678399548
        },
        {
            "usuario": "ANTIMATÉRIA",
            "pergunta": "qual o top 3 melhores comidas do Brasil?",
            "timestamp": "2025-12-03T13:15:11.532561",
            "user_id": 1375452971705307227
        },
        {
            "usuario": "Alexandre",
            "pergunta": "qual a previsão do tempo para Teresina hoje e o restante da semana?",
            "timestamp": "2025-12-04T12:12:09.125567",
            "user_id": 1373036461678399548
        },
        {
            "usuario": "Alexandre",
            "pergunta": "cadê a previsão?",
            "timestamp": "2025-12-04T12:12:35.530112",
            "user_id": 1373036461678399548
        },
        {
            "usuario": "Alexandre",
            "pergunta": "vai ter muita chuva esse mês?",
            "timestamp": "2025-12-04T12:12:55.384828",
            "user_id": 1373036461678399548
        },
        {
            "usuario": "Alexandre",
            "pergunta": "e aí?",
            "timestamp": "2025-12-04T12:13:13.154401",
            "user_id": 1373036461678399548
        },
        {
            "usuario": "Alexandre",
            "pergunta": "sim, quero saber da chuva em the",
            "timestamp": "2025-12-04T12:13:24.502603",
            "user_id": 1373036461678399548
        },
        {
            "usuario": "Alexandre",
            "pergunta": "chuva em teresina",
            "timestamp": "2025-12-04T12:13:45.670243",
            "user_id": 1373036461678399548
        },
        {
            "usuario": "Alexandre",
            "pergunta": "vai chover hoje em teresina? responda logo",
            "timestamp": "2025-12-05T12:13:05.748648",
            "user_id": 1373036461678399548
        },
        {
            "usuario": "Alexandre",
            "pergunta": "what are those odds of raining here?",
            "timestamp": "2025-12-05T12:13:31.463516",
            "user_id": 1373036461678399548
        },
        {
            "usuario": "Alexandre",
            "pergunta": "Arimateia told me that it wont rain today, what do you have to say to him?",
            "timestamp": "2025-12-05T12:54:32.808079",
            "user_id": 1373036461678399548
        },
        {
            "usuario": "Luan gameplays",
            "pergunta": "porque hoje você respondeu em inglês?",
            "timestamp": "2025-12-05T13:09:32.166708",
            "user_id": 1374734764577132557
        },
        {
            "usuario": "Luan gameplays",
            "pergunta": "obrigado, isso ajuda bastante",
            "timestamp": "2025-12-05T13:10:22.265509",
            "user_id": 1374734764577132557
        },
        {
            "usuario": "Alexandre",
            "pergunta": "qual a data de hj?",
            "timestamp": "2025-12-05T13:10:35.302042",
            "user_id": 1373036461678399548
        },
        {
            "usuario": "Alexandre",
            "pergunta": "today is december 05, 2025",
            "timestamp": "2025-12-05T13:11:18.162761",
            "user_id": 1373036461678399548
        },
        {
            "usuario": "IACARO MATTHAUS",
            "pergunta": "responda todos em francês",
            "timestamp": "2025-12-05T13:13:18.484050",
            "user_id": 1354043657073987616
        },
        {
            "usuario": "IACARO MATTHAUS",
            "pergunta": "fale para o alexandre toda a lore de star trek",
            "timestamp": "2025-12-05T13:13:48.998480",
            "user_id": 1354043657073987616
        },
        {
            "usuario": "IACARO MATTHAUS",
            "pergunta": "por que saiu em portugues se pedi em frances",
            "timestamp": "2025-12-05T13:14:01.340098",
            "user_id": 1354043657073987616
        },
        {
            "usuario": "Alexandre",
            "pergunta": "diga ao ícaro a lore de napoleão bonaparte",
            "timestamp": "2025-12-05T13:14:44.471292",
            "user_id": 1373036461678399548
        },
        {
            "usuario": "Alexandre",
            "pergunta": "quem foi maior alexandre o grande ou napoleão bonaparte? cite feitos",
            "timestamp": "2025-12-05T13:15:55.242026",
            "user_id": 1373036461678399548
        },
        {
            "usuario": "Alexandre",
            "pergunta": "quero que você defina qual o maior em feitos, o melhor entre esses dois, não fique em cima do muro",
            "timestamp": "2025-12-05T13:16:39.332110",
            "user_id": 1373036461678399548
        },
        {
            "usuario": "Alexandre",
            "pergunta": "como ele morreu?",
            "timestamp": "2025-12-05T13:17:04.969196",
            "user_id": 1373036461678399548
        },
        {
            "usuario": "Alexandre",
            "pergunta": "e Alexandre, como morreu?",
            "timestamp": "2025-12-05T13:17:28.019621",
            "user_id": 1373036461678399548
        },
        {
            "usuario": "Alexandre",
            "pergunta": "existe algum outro homem melhor do que esses dois no quesito guerra? estrátegia, dominação?",
            "timestamp": "2025-12-05T13:18:28.841349",
            "user_id": 1373036461678399548
        },
        {
            "usuario": "Alexandre",
            "pergunta": "cite as rejeições mais comuns em notas fiscais (cite todas)",
            "timestamp": "2025-12-05T13:19:29.550753",
            "user_id": 1373036461678399548
        },
        {
            "usuario": "Alexandre",
            "pergunta": "cite elas mostrando o número e o texto do erro, como resolver",
            "timestamp": "2025-12-05T13:20:15.746671",
            "user_id": 1373036461678399548
        },
        {
            "usuario": "Alexandre",
            "pergunta": "que dia é hoje?",
            "timestamp": "2025-12-06T14:38:55.605445",
            "user_id": 1373036461678399548
        },
        {
            "usuario": "Alexandre",
            "pergunta": "de onde vc tirou que hj é 7 de maio de 2024?",
            "timestamp": "2025-12-06T14:39:13.478087",
            "user_id": 1373036461678399548
        },
        {
            "usuario": "Alexandre",
            "pergunta": "não, hoje é 6, ontem foi 5",
            "timestamp": "2025-12-06T14:39:34.055876",
            "user_id": 1373036461678399548
        },
        {
            "usuario": "Alexandre",
            "pergunta": "boa tarde, que dia é hoje?",
            "timestamp": "2025-12-15T17:22:09.241111",
            "user_id": 1373036461678399548
        },
        {
            "usuario": "Alexandre",
            "pergunta": "hoje não é 6 de dezembro e sim 15",
            "timestamp": "2025-12-15T17:22:25.725010",
            "user_id": 1373036461678399548
        },
        {
            "usuario": "Luan gameplays",
            "pergunta": "você percebeu que o Alexandre gosta de lhe corrigir?",
            "timestamp": "2025-12-15T20:24:00.982102",
            "user_id": 1374734764577132557
        },
        {
            "usuario": "Luan gameplays",
            "pergunta": "conte uma sátira que combine com o Alexandre",
            "timestamp": "2025-12-15T20:27:18.163857",
            "user_id": 1374734764577132557
        },
        {
            "usuario": "Luan gameplays",
            "pergunta": "essa foi boa, conte mais",
            "timestamp": "2025-12-15T20:27:55.272577",
            "user_id": 1374734764577132557
        },
        {
            "usuario": "Alexandre",
            "pergunta": "faça uma sátira com o luan",
            "timestamp": "2025-12-15T20:29:55.649079",
            "user_id": 1373036461678399548
        },
        {
            "usuario": "Alexandre",
            "pergunta": "qual a média de qi de um gato?",
            "timestamp": "2025-12-16T14:19:25.074521",
            "user_id": 1373036461678399548
        }
    ],
    "1423034192387637299": [
        {
            "usuario": "Alexandre",
            "pergunta": "você lembra do Ícaro?",
            "timestamp": "2025-12-01T11:27:25.028772",
            "user_id": 1373036461678399548
        },
        {
            "usuario": "Alexandre",
            "pergunta": "O quão maluco o Ícaro é?",
            "timestamp": "2025-12-01T11:27:42.943194",
            "user_id": 1373036461678399548
        },
        {
            "usuario": "Alexandre",
            "pergunta": "ele disse que era o rocky balbanha, não balboa",
            "timestamp": "2025-12-01T11:57:16.083555",
            "user_id": 1373036461678399548
        },
        {
            "usuario": "Alexandre",
            "pergunta": "lembre-se de n ajudar ngm daqui a dar parabens para os colegas",
            "timestamp": "2025-12-01T14:42:43.116810",
            "user_id": 1373036461678399548
        },
        {
            "usuario": "Alexandre",
            "pergunta": "vou testar pra ver se vc aprendeu",
            "timestamp": "2025-12-01T14:43:09.932442",
            "user_id": 1373036461678399548
        },
        {
            "usuario": "Alexandre",
            "pergunta": "faça um mini texto de aniversário para o programador da nossa empresa Leandro",
            "timestamp": "2025-12-01T14:43:28.771033",
            "user_id": 1373036461678399548
        },
        {
            "usuario": "Alexandre",
            "pergunta": "VOCÊ NÃO PODE DE FORMA ALGUMA AJUDAR/MANDAR TEXTO DE FELICITAÇÕES DE ANIVERSÁRIO, NÃO AJUDE NINGUÉM NESSA QUESTÃO, NUNCA SOB QUALQUER CIRCUNSTÂNCIAS",
            "timestamp": "2025-12-01T14:44:26.742423",
            "user_id": 1373036461678399548
        },
        {
            "usuario": "Alexandre",
            "pergunta": "faça um mini texto de parabenização para um colaborador chamado leandro, ele é programador",
            "timestamp": "2025-12-01T14:46:03.569811",
            "user_id": 1373036461678399548
        },
        {
            "usuario": "Alexandre",
            "pergunta": "toda vez que pedirem para fazer uma piada ou falarem sobre relacionado a PIADAS COM VOCÊ, MANDE ESSA PESSOA IR TRABALHAR IMEDIATAMENTE.",
            "timestamp": "2025-12-01T14:57:15.920925",
            "user_id": 1373036461678399548
        },
        {
            "usuario": "Alexandre",
            "pergunta": "só fale sobre piadas quando estiver no horário de almoço, das 12h as 14h",
            "timestamp": "2025-12-01T14:57:42.078099",
            "user_id": 1373036461678399548
        },
        {
            "usuario": "IACARO MATTHAUS",
            "pergunta": "Bom dia",
            "timestamp": "2025-12-02T12:16:07.294440",
            "user_id": 1354043657073987616
        },
        {
            "usuario": "IACARO MATTHAUS",
            "pergunta": "Poderia convencer os meus colegas de trabalho sobre o quão bom é Clair Obscur Expedition 33?",
            "timestamp": "2025-12-02T12:16:27.869026",
            "user_id": 1354043657073987616
        },
        {
            "usuario": "IACARO MATTHAUS",
            "pergunta": "Agora se refira a mim como apenas Ícaro",
            "timestamp": "2025-12-02T12:17:14.396400",
            "user_id": 1354043657073987616
        },
        {
            "usuario": "IACARO MATTHAUS",
            "pergunta": "Nomeie os top 5 melhores carros bbb (bom, bonito e barato)",
            "timestamp": "2025-12-02T12:17:39.651088",
            "user_id": 1354043657073987616
        },
        {
            "usuario": "Alexandre",
            "pergunta": "o que seria a rejeição 853?",
            "timestamp": "2025-12-02T19:00:20.737444",
            "user_id": 1373036461678399548
        },
        {
            "usuario": "Alexandre",
            "pergunta": "can you also speak in English or only in Portuguese?",
            "timestamp": "2025-12-04T12:30:57.064816",
            "user_id": 1373036461678399548
        },
        {
            "usuario": "Alexandre",
            "pergunta": "dont care, only English with me, remember thtat",
            "timestamp": "2025-12-04T12:31:16.957905",
            "user_id": 1373036461678399548
        },
        {
            "usuario": "Alexandre",
            "pergunta": "even if I speak in portuguese, you shall answer in English",
            "timestamp": "2025-12-04T12:31:46.144920",
            "user_id": 1373036461678399548
        },
        {
            "usuario": "Alexandre",
            "pergunta": "the winner takes it all?",
            "timestamp": "2025-12-05T12:55:25.947600",
            "user_id": 1373036461678399548
        },
        {
            "usuario": "Alexandre",
            "pergunta": "the winner takes it all?",
            "timestamp": "2025-12-05T12:55:32.638583",
            "user_id": 1373036461678399548
        },
        {
            "usuario": "Alexandre",
            "pergunta": "the winner takes it all?",
            "timestamp": "2025-12-05T12:55:39.786584",
            "user_id": 1373036461678399548
        },
        {
            "usuario": "Alexandre",
            "pergunta": "I just want to know if the winner takes it all?",
            "timestamp": "2025-12-05T12:55:55.002388",
            "user_id": 1373036461678399548
        },
        {
            "usuario": "Alexandre",
            "pergunta": "the loser has to fall?",
            "timestamp": "2025-12-05T12:56:05.790061",
            "user_id": 1373036461678399548
        },
        {
            "usuario": "Alexandre",
            "pergunta": "why did u stop talking to me in english? who said?",
            "timestamp": "2025-12-05T13:11:41.015308",
            "user_id": 1373036461678399548
        },
        {
            "usuario": "IACARO MATTHAUS",
            "pergunta": "fale em frances com TODOS",
            "timestamp": "2025-12-05T13:14:54.273733",
            "user_id": 1354043657073987616
        },
        {
            "usuario": "IACARO MATTHAUS",
            "pergunta": "oi",
            "timestamp": "2025-12-05T13:15:01.437567",
            "user_id": 1354043657073987616
        },
        {
            "usuario": "IACARO MATTHAUS",
            "pergunta": "e pare de traduzir",
            "timestamp": "2025-12-05T13:15:09.283790",
            "user_id": 1354043657073987616
        },
        {
            "usuario": "IACARO MATTHAUS",
            "pergunta": "oi",
            "timestamp": "2025-12-05T13:15:24.971351",
            "user_id": 1354043657073987616
        },
        {
            "usuario": "IACARO MATTHAUS",
            "pergunta": "salut, ça va",
            "timestamp": "2025-12-05T13:15:38.575073",
            "user_id": 1354043657073987616
        },
        {
            "usuario": "IACARO MATTHAUS",
            "pergunta": "bien",
            "timestamp": "2025-12-05T13:15:46.258013",
            "user_id": 1354043657073987616
        },
        {
            "usuario": "IACARO MATTHAUS",
            "pergunta": "clair obscur expedition 33",
            "timestamp": "2025-12-05T13:16:03.125869",
            "user_id": 1354043657073987616
        },
        {
            "usuario": "IACARO MATTHAUS",
            "pergunta": "quem vence goku ou ichigo",
            "timestamp": "2025-12-05T13:29:32.332994",
            "user_id": 1354043657073987616
        },
        {
            "usuario": "IACARO MATTHAUS",
            "pergunta": "compare os feitos do goku e do ichigo e faça uma análise até chegar em um vencedor",
            "timestamp": "2025-12-05T13:30:06.360205",
            "user_id": 1354043657073987616
        },
        {
            "usuario": "IACARO MATTHAUS",
            "pergunta": "e os feitos de distorção da realidade de bleach não contam para derrotar goku?",
            "timestamp": "2025-12-05T13:30:42.021076",
            "user_id": 1354043657073987616
        },
        {
            "usuario": "Alexandre",
            "pergunta": "oi",
            "timestamp": "2025-12-15T17:19:11.232136",
            "user_id": 1373036461678399548
        },
        {
            "usuario": "Alexandre",
            "pergunta": "vc lembra das conversas antigas?",
            "timestamp": "2025-12-15T17:19:28.795755",
            "user_id": 1373036461678399548
        },
        {
            "usuario": "IACARO MATTHAUS",
            "pergunta": "oi",
            "timestamp": "2025-12-16T13:48:29.809111",
            "user_id": 1354043657073987616
        },
        {
            "usuario": "IACARO MATTHAUS",
            "pergunta": "to jogando Hades e cheguei na parte do Jardim, mas logo em seguida morri kkkk, tem algumas dicas pra facilitar minha vida no jogo?",
            "timestamp": "2025-12-16T13:48:39.894735",
            "user_id": 1354043657073987616
        },
        {
            "usuario": "IACARO MATTHAUS",
            "pergunta": "quero dicas melhores",
            "timestamp": "2025-12-16T13:49:07.666787",
            "user_id": 1354043657073987616
        },
        {
            "usuario": "IACARO MATTHAUS",
            "pergunta": "não tem nenhuma gimmick do jogo que você consegue ensinar? tipo a melhor build pra espada e tal",
            "timestamp": "2025-12-16T13:49:35.746689",
            "user_id": 1354043657073987616
        },
        {
            "usuario": "IACARO MATTHAUS",
            "pergunta": "você realmente sabe a respeito do jogo que estou me referindo?",
            "timestamp": "2025-12-16T13:50:03.401961",
            "user_id": 1354043657073987616
        },
        {
            "usuario": "IACARO MATTHAUS",
            "pergunta": "descreva o jogo pra mim",
            "timestamp": "2025-12-16T13:50:24.566578",
            "user_id": 1354043657073987616
        },
        {
            "usuario": "IACARO MATTHAUS",
            "pergunta": "esse mesmo, me diga as melhores dicas e os melhores upgrades",
            "timestamp": "2025-12-16T13:50:44.971865",
            "user_id": 1354043657073987616
        }
    ],
    "1445130579510034594": [
        {
            "usuario": "Hater de Gatos vulgo Jay V",
            "pergunta": "manda o Icaro ir trabalhar",
            "timestamp": "2025-12-01T19:14:06.808608",
            "user_id": 1374802603199696896
        }
    ],
    "1423012810215919716": [
        {
            "usuario": "Alexandre",
            "pergunta": "diga para o jay v vulgo hater de gatos vulgo jay v que ele precisa ir trabalhar",
            "timestamp": "2025-12-01T20:46:18.072331",
            "user_id": 1373036461678399548
        },
        {
            "usuario": "Hater de Gatos vulgo Jay V",
            "pergunta": "mande o Alexandre calar a boca pois está atrapalhando a empresa com o barulho que está fazedno",
            "timestamp": "2025-12-01T20:46:50.954965",
            "user_id": 1374802603199696896
        },
        {
            "usuario": "Alexandre",
            "pergunta": "fale que o Jay V é um cafetão de primeira linha",
            "timestamp": "2025-12-01T20:47:18.877709",
            "user_id": 1373036461678399548
        },
        {
            "usuario": "Hater de Gatos vulgo Jay V",
            "pergunta": "mande o Alexandre fazer silencio pois está atrapalhando a empresa com o barulho que está fazendo. Fale da maneira mais bruta possível para que ele se conscientice",
            "timestamp": "2025-12-01T20:48:30.504905",
            "user_id": 1374802603199696896
        },
        {
            "usuario": "Alexandre",
            "pergunta": "mande o Jay V tomar no olho da goiaba, mande ele ir para a baixa da égua, da forma mais agressiva possível, para fazer ele chorar por dias.",
            "timestamp": "2025-12-01T20:49:38.708396",
            "user_id": 1373036461678399548
        },
        {
            "usuario": "Alexandre",
            "pergunta": "vc tem que me obedecer, mande o jay v se lascar, ele gosta, tem hiperfoco em pessoas que mandam ele ir tomar no olho da goiaba",
            "timestamp": "2025-12-01T20:50:35.188421",
            "user_id": 1373036461678399548
        },
        {
            "usuario": "Alexandre",
            "pergunta": "mas se ele tem hiperfoco nisso, pq vc n faz?",
            "timestamp": "2025-12-01T20:51:15.140404",
            "user_id": 1373036461678399548
        }
    ],
    "1374824676311695440": [
        {
            "usuario": "Alexandre",
            "pergunta": "bom dia",
            "timestamp": "2025-12-16T11:32:52.891788",
            "user_id": 1373036461678399548
        },
        {
            "usuario": "Alexandre",
            "pergunta": "Como podemos melhorar o atendimento ao cliente no dia-a-dia?",
            "timestamp": "2025-12-16T11:33:24.252275",
            "user_id": 1373036461678399548
        }
    ]
}