{
    "1373036461678399548": {
        "nome": "suporte.alexandre.next",
        "capturas": [
            "Dragonite",
            "Bulbasaur",
            "Lucario",
            "Pikachu",
            "Eevee",
            "Squirtle",
            "Bulbasaur",
            "Eevee",
            "Vaporeon",
            "Wartortle",
            "Squirtle",
            "Flareon",
            "Metapod",
            "Charmander"
        ]
    },
    "1354043657073987616": {
        "nome": "icaromatheus.next",
        "capturas": [
            "Charmander",
            "Bulbasaur",
            "Gengar",
            "Eevee",
            "Lucario",
            "Kadabra",
            "Totodile",
            "Torchic",
            "Mudkip",
            "Kadabra",
            "Ivysaur",
            "Pikachu",
            "Charmeleon",
            "Bulbasaur",
            "Wartortle"
        ]
    }
}