[
    {
        "timestamp": "2025-12-19T19:13:22.189663",
        "ganhador": "IACARO MATTHAUS",
        "usuario_id": 1354043657073987616,
        "solicitante": "Alexandre"
    },
    {
        "timestamp": "2025-12-20T12:31:04.611719",
        "ganhador": "Michael Sabóia",
        "usuario_id": 1374733527001862215,
        "solicitante": "Alexandre"
    },
    {
        "timestamp": "2025-12-20T13:38:41.786720",
        "ganhador": "Luan gameplays",
        "usuario_id": 1374734764577132557,
        "solicitante": "IACARO MATTHAUS"
    },
    {
        "timestamp": "2025-12-20T13:38:51.158872",
        "ganhador": "Itali Brasileiro Brene",
        "usuario_id": 1374734022453886979,
        "solicitante": "IACARO MATTHAUS"
    },
    {
        "timestamp": "2025-12-20T13:39:18.171736",
        "ganhador": "Hater de Gatos vulgo Jay V",
        "usuario_id": 1374802603199696896,
        "solicitante": "IACARO MATTHAUS"
    },
    {
        "timestamp": "2025-12-20T13:42:01.601265",
        "ganhador": "Gladyson",
        "usuario_id": 1372669147393032294,
        "solicitante": "Alexandre"
    },
    {
        "timestamp": "2025-12-20T13:55:52.892167",
        "ganhador": "Alexandre",
        "usuario_id": 1373036461678399548,
        "solicitante": "Leandro Victtorio"
    },
    {
        "timestamp": "2025-12-20T13:56:00.838168",
        "ganhador": "Gladyson",
        "usuario_id": 1372669147393032294,
        "solicitante": "Leandro Victtorio"
    },
    {
        "timestamp": "2025-12-20T13:56:20.246235",
        "ganhador": "Hater de Gatos vulgo Jay V",
        "usuario_id": 1374802603199696896,
        "solicitante": "Alexandre"
    },
    {
        "timestamp": "2025-12-20T13:58:45.676812",
        "ganhador": "Leandro Victtorio",
        "usuario_id": 1374716001966358661,
        "solicitante": "Michael Sabóia"
    }
]